"State.Abbr","Year","Region","State.Sales.Tax.Rate","State.Food.Sales.Tax.Rate","Soda","Chips..Pretzels","Ice.Cream","state","latitude","longitude"
"AK",2004,"West",0,0,0,0,0,"Alaska",64.0685,-152.2782
"AK",2005,"West",0,0,0,0,0,"Alaska",64.0685,-152.2782
"AK",2006,"West",0,0,0,0,0,"Alaska",64.0685,-152.2782
"AK",2007,"West",0,0,0,0,0,"Alaska",64.0685,-152.2782
"AK",2008,"West",0,0,0,0,0,"Alaska",64.0685,-152.2782
"AK",2009,"West",0,0,0,0,0,"Alaska",64.0685,-152.2782
"AK",2010,"West",0,0,0,0,0,"Alaska",64.0685,-152.2782
"AK",2011,"West",0,0,0,0,0,"Alaska",64.0685,-152.2782
"AK",2012,"West",0,0,0,0,0,"Alaska",64.0685,-152.2782
"AK",2013,"West",0,0,0,0,0,"Alaska",64.0685,-152.2782
"AK",2014,"West",0,0,0,0,0,"Alaska",64.0685,-152.2782
"AL",2004,"SouthEast",4,4,4,4,4,"Alabama",32.7794,-86.8287
"AL",2005,"SouthEast",4,4,4,4,4,"Alabama",32.7794,-86.8287
"AL",2006,"SouthEast",4,4,4,4,4,"Alabama",32.7794,-86.8287
"AL",2007,"SouthEast",4,4,4,4,4,"Alabama",32.7794,-86.8287
"AL",2008,"SouthEast",4,4,4,4,4,"Alabama",32.7794,-86.8287
"AL",2009,"SouthEast",4,4,4,4,4,"Alabama",32.7794,-86.8287
"AL",2010,"SouthEast",4,4,4,4,4,"Alabama",32.7794,-86.8287
"AL",2011,"SouthEast",4,4,4,4,4,"Alabama",32.7794,-86.8287
"AL",2012,"SouthEast",4,4,4,4,4,"Alabama",32.7794,-86.8287
"AL",2013,"SouthEast",4,4,4,4,4,"Alabama",32.7794,-86.8287
"AL",2014,"SouthEast",4,4,4,4,4,"Alabama",32.7794,-86.8287
"AR",2004,"SouthEast",5.125,5.125,5.125,5.125,5.125,"Arkansas",34.8938,-92.4426
"AR",2005,"SouthEast",6,6,6,6,6,"Arkansas",34.8938,-92.4426
"AR",2006,"SouthEast",6,6,6,6,6,"Arkansas",34.8938,-92.4426
"AR",2007,"SouthEast",6,6,6,6,6,"Arkansas",34.8938,-92.4426
"AR",2008,"SouthEast",6,3,3,3,3,"Arkansas",34.8938,-92.4426
"AR",2009,"SouthEast",6,3,3,3,3,"Arkansas",34.8938,-92.4426
"AR",2010,"SouthEast",6,2,2,2,2,"Arkansas",34.8938,-92.4426
"AR",2011,"SouthEast",6,2,2,2,2,"Arkansas",34.8938,-92.4426
"AR",2012,"SouthEast",6,1.5,1.5,1.5,1.5,"Arkansas",34.8938,-92.4426
"AR",2013,"SouthEast",6,1.5,1.5,1.5,1.5,"Arkansas",34.8938,-92.4426
"AR",2014,"SouthEast",6.5,1.5,1.5,1.5,1.5,"Arkansas",34.8938,-92.4426
"AZ",2004,"SouthWest",5.6,0,0,0,0,"Arizona",34.2744,-111.6602
"AZ",2005,"SouthWest",5.6,0,0,0,0,"Arizona",34.2744,-111.6602
"AZ",2006,"SouthWest",5.6,0,0,0,0,"Arizona",34.2744,-111.6602
"AZ",2007,"SouthWest",5.6,0,0,0,0,"Arizona",34.2744,-111.6602
"AZ",2008,"SouthWest",5.6,0,0,0,0,"Arizona",34.2744,-111.6602
"AZ",2009,"SouthWest",5.6,0,0,0,0,"Arizona",34.2744,-111.6602
"AZ",2010,"SouthWest",5.6,0,0,0,0,"Arizona",34.2744,-111.6602
"AZ",2011,"SouthWest",6.6,0,0,0,0,"Arizona",34.2744,-111.6602
"AZ",2012,"SouthWest",6.6,0,0,0,0,"Arizona",34.2744,-111.6602
"AZ",2013,"SouthWest",6.6,0,0,0,0,"Arizona",34.2744,-111.6602
"AZ",2014,"SouthWest",5.6,0,0,0,0,"Arizona",34.2744,-111.6602
"CA",2004,"West",6,0,6,0,6,"California",37.1841,-119.4696
"CA",2005,"West",6.25,0,6.25,0,6.25,"California",37.1841,-119.4696
"CA",2006,"West",6.25,0,6.25,0,6.25,"California",37.1841,-119.4696
"CA",2007,"West",6.25,0,6.25,0,6.25,"California",37.1841,-119.4696
"CA",2008,"West",6.25,0,6.25,0,6.25,"California",37.1841,-119.4696
"CA",2009,"West",6.25,0,6.25,0,6.25,"California",37.1841,-119.4696
"CA",2010,"West",7.25,0,7.25,0,7.25,"California",37.1841,-119.4696
"CA",2011,"West",7.25,0,7.25,0,7.25,"California",37.1841,-119.4696
"CA",2012,"West",6.25,0,6.25,0,6.25,"California",37.1841,-119.4696
"CA",2013,"West",6.5,0,6.5,0,6.5,"California",37.1841,-119.4696
"CA",2014,"West",6.5,0,6.5,0,6.5,"California",37.1841,-119.4696
"CO",2004,"West",2.91,0,0,2.91,0,"Colorado",38.9972,-105.5478
"CO",2005,"West",2.91,0,0,2.91,0,"Colorado",38.9972,-105.5478
"CO",2006,"West",2.91,0,0,2.91,0,"Colorado",38.9972,-105.5478
"CO",2007,"West",2.91,0,0,2.91,0,"Colorado",38.9972,-105.5478
"CO",2008,"West",2.91,0,0,2.91,0,"Colorado",38.9972,-105.5478
"CO",2009,"West",2.91,0,0,2.91,0,"Colorado",38.9972,-105.5478
"CO",2010,"West",2.91,0,0,2.91,0,"Colorado",38.9972,-105.5478
"CO",2011,"West",2.91,0,2.91,2.91,0,"Colorado",38.9972,-105.5478
"CO",2012,"West",2.91,0,2.91,2.91,0,"Colorado",38.9972,-105.5478
"CO",2013,"West",2.91,0,2.91,2.91,0,"Colorado",38.9972,-105.5478
"CO",2014,"West",2.91,0,2.91,2.91,0,"Colorado",38.9972,-105.5478
"CT",2004,"Northeast",6,0,6,6,0,"Connecticut",41.6219,-72.7273
"CT",2005,"Northeast",6,0,6,6,0,"Connecticut",41.6219,-72.7273
"CT",2006,"Northeast",6,0,6,6,0,"Connecticut",41.6219,-72.7273
"CT",2007,"Northeast",6,0,6,6,0,"Connecticut",41.6219,-72.7273
"CT",2008,"Northeast",6,0,6,6,0,"Connecticut",41.6219,-72.7273
"CT",2009,"Northeast",6,0,6,6,0,"Connecticut",41.6219,-72.7273
"CT",2010,"Northeast",6,0,6,6,0,"Connecticut",41.6219,-72.7273
"CT",2011,"Northeast",6,0,6,6,0,"Connecticut",41.6219,-72.7273
"CT",2012,"Northeast",6.35,0,6.35,6.35,0,"Connecticut",41.6219,-72.7273
"CT",2013,"Northeast",6.35,0,6.35,6.35,0,"Connecticut",41.6219,-72.7273
"CT",2014,"Northeast",6.35,0,6.35,6.35,0,"Connecticut",41.6219,-72.7273
"DC",2004,"NorthEast",5.75,0,5.75,0,5.75,"District of Columbia",38.9101,-77.0147
"DC",2005,"NorthEast",5.75,0,5.75,0,5.75,"District of Columbia",38.9101,-77.0147
"DC",2006,"NorthEast",5.75,0,5.75,0,5.75,"District of Columbia",38.9101,-77.0147
"DC",2007,"NorthEast",5.75,0,5.75,0,5.75,"District of Columbia",38.9101,-77.0147
"DC",2008,"NorthEast",5.75,0,5.75,0,5.75,"District of Columbia",38.9101,-77.0147
"DC",2009,"NorthEast",5.75,0,5.75,0,5.75,"District of Columbia",38.9101,-77.0147
"DC",2010,"NorthEast",6,0,6,0,6,"District of Columbia",38.9101,-77.0147
"DC",2011,"NorthEast",6,0,6,0,6,"District of Columbia",38.9101,-77.0147
"DC",2012,"NorthEast",6,0,6,0,6,"District of Columbia",38.9101,-77.0147
"DC",2013,"NorthEast",6,0,6,0,6,"District of Columbia",38.9101,-77.0147
"DC",2014,"NorthEast",5.75,0,5.75,0,5.75,"District of Columbia",38.9101,-77.0147
"DE",2004,"Northeast",0,0,0,0,0,"Delaware",38.9896,-75.505
"DE",2005,"Northeast",0,0,0,0,0,"Delaware",38.9896,-75.505
"DE",2006,"Northeast",0,0,0,0,0,"Delaware",38.9896,-75.505
"DE",2007,"Northeast",0,0,0,0,0,"Delaware",38.9896,-75.505
"DE",2008,"Northeast",0,0,0,0,0,"Delaware",38.9896,-75.505
"DE",2009,"Northeast",0,0,0,0,0,"Delaware",38.9896,-75.505
"DE",2010,"Northeast",0,0,0,0,0,"Delaware",38.9896,-75.505
"DE",2011,"Northeast",0,0,0,0,0,"Delaware",38.9896,-75.505
"DE",2012,"Northeast",0,0,0,0,0,"Delaware",38.9896,-75.505
"DE",2013,"Northeast",0,0,0,0,0,"Delaware",38.9896,-75.505
"DE",2014,"Northeast",0,0,0,0,0,"Delaware",38.9896,-75.505
"FL",2004,"SouthEast",6,0,6,0,6,"Florida",28.6305,-82.4497
"FL",2005,"SouthEast",6,0,6,0,6,"Florida",28.6305,-82.4497
"FL",2006,"SouthEast",6,0,6,0,6,"Florida",28.6305,-82.4497
"FL",2007,"SouthEast",6,0,6,0,6,"Florida",28.6305,-82.4497
"FL",2008,"SouthEast",6,0,6,0,6,"Florida",28.6305,-82.4497
"FL",2009,"SouthEast",6,0,6,0,6,"Florida",28.6305,-82.4497
"FL",2010,"SouthEast",6,0,6,0,6,"Florida",28.6305,-82.4497
"FL",2011,"SouthEast",6,0,6,0,6,"Florida",28.6305,-82.4497
"FL",2012,"SouthEast",6,0,6,0,6,"Florida",28.6305,-82.4497
"FL",2013,"SouthEast",6,0,6,0,6,"Florida",28.6305,-82.4497
"FL",2014,"SouthEast",6,0,6,0,6,"Florida",28.6305,-82.4497
"GA",2004,"SouthEast",4,0,4,0,4,"Georgia",32.6415,-83.4426
"GA",2005,"SouthEast",4,0,4,0,4,"Georgia",32.6415,-83.4426
"GA",2006,"SouthEast",4,0,4,0,4,"Georgia",32.6415,-83.4426
"GA",2007,"SouthEast",4,0,4,0,4,"Georgia",32.6415,-83.4426
"GA",2008,"SouthEast",4,0,4,0,4,"Georgia",32.6415,-83.4426
"GA",2009,"SouthEast",4,0,4,0,4,"Georgia",32.6415,-83.4426
"GA",2010,"SouthEast",4,0,4,0,4,"Georgia",32.6415,-83.4426
"GA",2011,"SouthEast",4,0,4,0,4,"Georgia",32.6415,-83.4426
"GA",2012,"SouthEast",4,0,4,0,4,"Georgia",32.6415,-83.4426
"GA",2013,"SouthEast",4,0,4,0,4,"Georgia",32.6415,-83.4426
"GA",2014,"SouthEast",4,0,4,0,4,"Georgia",32.6415,-83.4426
"HI",2004,"West",4,4,4,4,4,"Hawaii",20.2927,-156.3737
"HI",2005,"West",4,4,4,4,4,"Hawaii",20.2927,-156.3737
"HI",2006,"West",4,4,4,4,4,"Hawaii",20.2927,-156.3737
"HI",2007,"West",4,4,4,4,4,"Hawaii",20.2927,-156.3737
"HI",2008,"West",4,4,4,4,4,"Hawaii",20.2927,-156.3737
"HI",2009,"West",4,4,4,4,4,"Hawaii",20.2927,-156.3737
"HI",2010,"West",4,4,4,4,4,"Hawaii",20.2927,-156.3737
"HI",2011,"West",4,4,4,4,4,"Hawaii",20.2927,-156.3737
"HI",2012,"West",4,4,4,4,4,"Hawaii",20.2927,-156.3737
"HI",2013,"West",4,4,4,4,4,"Hawaii",20.2927,-156.3737
"HI",2014,"West",4,4,4,4,4,"Hawaii",20.2927,-156.3737
"IA",2004,"Midwest",5,0,5,5,5,"Iowa",42.0751,-93.496
"IA",2005,"Midwest",5,0,5,5,5,"Iowa",42.0751,-93.496
"IA",2006,"Midwest",5,0,5,5,5,"Iowa",42.0751,-93.496
"IA",2007,"Midwest",5,0,5,5,5,"Iowa",42.0751,-93.496
"IA",2008,"Midwest",5,0,5,5,5,"Iowa",42.0751,-93.496
"IA",2009,"Midwest",6,0,6,6,6,"Iowa",42.0751,-93.496
"IA",2010,"Midwest",6,0,6,6,6,"Iowa",42.0751,-93.496
"IA",2011,"Midwest",6,0,6,6,6,"Iowa",42.0751,-93.496
"IA",2012,"Midwest",6,0,6,6,6,"Iowa",42.0751,-93.496
"IA",2013,"Midwest",6,0,6,6,6,"Iowa",42.0751,-93.496
"IA",2014,"Midwest",6,0,6,6,6,"Iowa",42.0751,-93.496
"ID",2004,"West",6,6,6,6,6,"Idaho",44.3509,-114.613
"ID",2005,"West",5,5,6,5,5,"Idaho",44.3509,-114.613
"ID",2006,"West",5,5,5,5,5,"Idaho",44.3509,-114.613
"ID",2007,"West",6,6,6,6,6,"Idaho",44.3509,-114.613
"ID",2008,"West",6,6,6,6,6,"Idaho",44.3509,-114.613
"ID",2009,"West",6,6,6,6,6,"Idaho",44.3509,-114.613
"ID",2010,"West",6,6,6,6,6,"Idaho",44.3509,-114.613
"ID",2011,"West",6,6,6,6,6,"Idaho",44.3509,-114.613
"ID",2012,"West",6,6,6,6,6,"Idaho",44.3509,-114.613
"ID",2013,"West",6,6,6,6,6,"Idaho",44.3509,-114.613
"ID",2014,"West",6,6,6,6,6,"Idaho",44.3509,-114.613
"IL",2004,"Midwest",6.25,1,6.25,1,1,"Illinois",40.0417,-89.1965
"IL",2005,"Midwest",6.25,1,6.25,1,1,"Illinois",40.0417,-89.1965
"IL",2006,"Midwest",6.25,1,6.25,1,1,"Illinois",40.0417,-89.1965
"IL",2007,"Midwest",6.25,1,6.25,1,1,"Illinois",40.0417,-89.1965
"IL",2008,"Midwest",6.25,1,6.25,1,1,"Illinois",40.0417,-89.1965
"IL",2009,"Midwest",6.25,1,6.25,1,1,"Illinois",40.0417,-89.1965
"IL",2010,"Midwest",6.25,1,6.25,6.25,1,"Illinois",40.0417,-89.1965
"IL",2011,"Midwest",6.25,1,6.25,6.25,1,"Illinois",40.0417,-89.1965
"IL",2012,"Midwest",6.25,1,6.25,6.25,1,"Illinois",40.0417,-89.1965
"IL",2013,"Midwest",6.25,1,6.25,6.25,1,"Illinois",40.0417,-89.1965
"IL",2014,"Midwest",6.25,1,6.25,6.25,1,"Illinois",40.0417,-89.1965
"IN",2004,"Midwest",6,0,6,6,6,"Indiana",39.8942,-86.2816
"IN",2005,"Midwest",6,0,6,6,6,"Indiana",39.8942,-86.2816
"IN",2006,"Midwest",6,0,6,6,6,"Indiana",39.8942,-86.2816
"IN",2007,"Midwest",6,0,6,6,6,"Indiana",39.8942,-86.2816
"IN",2008,"Midwest",6,0,6,6,6,"Indiana",39.8942,-86.2816
"IN",2009,"Midwest",7,0,7,7,7,"Indiana",39.8942,-86.2816
"IN",2010,"Midwest",7,0,7,7,7,"Indiana",39.8942,-86.2816
"IN",2011,"Midwest",7,0,7,7,7,"Indiana",39.8942,-86.2816
"IN",2012,"Midwest",7,0,7,7,7,"Indiana",39.8942,-86.2816
"IN",2013,"Midwest",7,0,7,7,7,"Indiana",39.8942,-86.2816
"IN",2014,"Midwest",7,0,7,7,7,"Indiana",39.8942,-86.2816
"KS",2004,"Midwest",5.3,5.3,5.3,5.3,5.3,"Kansas",38.4937,-98.3804
"KS",2005,"Midwest",5.3,5.3,5.3,5.3,5.3,"Kansas",38.4937,-98.3804
"KS",2006,"Midwest",5.3,5.3,5.3,5.3,5.3,"Kansas",38.4937,-98.3804
"KS",2007,"Midwest",5.3,5.3,5.3,5.3,5.3,"Kansas",38.4937,-98.3804
"KS",2008,"Midwest",5.3,5.3,5.3,5.3,5.3,"Kansas",38.4937,-98.3804
"KS",2009,"Midwest",5.3,5.3,5.3,5.3,5.3,"Kansas",38.4937,-98.3804
"KS",2010,"Midwest",5.3,5.3,5.3,5.3,5.3,"Kansas",38.4937,-98.3804
"KS",2011,"Midwest",6.3,6.3,6.3,6.3,6.3,"Kansas",38.4937,-98.3804
"KS",2012,"Midwest",6.3,6.3,6.3,6.3,6.3,"Kansas",38.4937,-98.3804
"KS",2013,"Midwest",6.3,6.3,6.3,6.3,6.3,"Kansas",38.4937,-98.3804
"KS",2014,"Midwest",6.15,6.15,6.15,6.15,6.15,"Kansas",38.4937,-98.3804
"KY",2004,"SouthEast",6,0,6,6,6,"Kentucky",37.5347,-85.3021
"KY",2005,"SouthEast",6,0,6,6,6,"Kentucky",37.5347,-85.3021
"KY",2006,"SouthEast",6,0,6,6,6,"Kentucky",37.5347,-85.3021
"KY",2007,"SouthEast",6,0,6,6,6,"Kentucky",37.5347,-85.3021
"KY",2008,"SouthEast",6,0,6,6,6,"Kentucky",37.5347,-85.3021
"KY",2009,"SouthEast",6,0,6,6,6,"Kentucky",37.5347,-85.3021
"KY",2010,"SouthEast",6,0,6,6,6,"Kentucky",37.5347,-85.3021
"KY",2011,"SouthEast",6,0,6,6,6,"Kentucky",37.5347,-85.3021
"KY",2012,"SouthEast",6,0,6,6,6,"Kentucky",37.5347,-85.3021
"KY",2013,"SouthEast",6,0,6,6,6,"Kentucky",37.5347,-85.3021
"KY",2014,"SouthEast",6,0,6,6,6,"Kentucky",37.5347,-85.3021
"LA",2004,"SouthEast",4,0,0,0,0,"Louisiana",31.0689,-91.9968
"LA",2005,"SouthEast",4,0,0,0,0,"Louisiana",31.0689,-91.9968
"LA",2006,"SouthEast",4,0,0,0,0,"Louisiana",31.0689,-91.9968
"LA",2007,"SouthEast",4,0,0,0,0,"Louisiana",31.0689,-91.9968
"LA",2008,"SouthEast",4,0,0,0,0,"Louisiana",31.0689,-91.9968
"LA",2009,"SouthEast",4,0,0,0,0,"Louisiana",31.0689,-91.9968
"LA",2010,"SouthEast",4,0,0,0,0,"Louisiana",31.0689,-91.9968
"LA",2011,"SouthEast",4,0,0,0,0,"Louisiana",31.0689,-91.9968
"LA",2012,"SouthEast",4,0,0,0,0,"Louisiana",31.0689,-91.9968
"LA",2013,"SouthEast",4,0,0,0,0,"Louisiana",31.0689,-91.9968
"LA",2014,"SouthEast",4,0,0,0,0,"Louisiana",31.0689,-91.9968
"MA",2004,"Northeast",5,0,0,0,0,"Massachusetts",42.2596,-71.8083
"MA",2005,"Northeast",5,0,0,0,0,"Massachusetts",42.2596,-71.8083
"MA",2006,"Northeast",5,0,0,0,0,"Massachusetts",42.2596,-71.8083
"MA",2007,"Northeast",5,0,0,0,0,"Massachusetts",42.2596,-71.8083
"MA",2008,"Northeast",5,0,0,0,0,"Massachusetts",42.2596,-71.8083
"MA",2009,"Northeast",5,0,0,0,0,"Massachusetts",42.2596,-71.8083
"MA",2010,"Northeast",6.25,0,0,0,0,"Massachusetts",42.2596,-71.8083
"MA",2011,"Northeast",6.25,0,0,0,0,"Massachusetts",42.2596,-71.8083
"MA",2012,"Northeast",6.25,0,0,0,0,"Massachusetts",42.2596,-71.8083
"MA",2013,"Northeast",6.25,0,0,0,0,"Massachusetts",42.2596,-71.8083
"MA",2014,"Northeast",6.25,0,0,0,0,"Massachusetts",42.2596,-71.8083
"MD",2004,"Northeast",5,0,5,5,0,"Maryland",39.055,-76.7909
"MD",2005,"Northeast",5,0,5,5,0,"Maryland",39.055,-76.7909
"MD",2006,"Northeast",5,0,5,5,0,"Maryland",39.055,-76.7909
"MD",2007,"Northeast",5,0,5,5,0,"Maryland",39.055,-76.7909
"MD",2008,"Northeast",6,0,6,6,0,"Maryland",39.055,-76.7909
"MD",2009,"Northeast",6,0,6,6,0,"Maryland",39.055,-76.7909
"MD",2010,"Northeast",6,0,6,6,0,"Maryland",39.055,-76.7909
"MD",2011,"Northeast",6,0,6,6,0,"Maryland",39.055,-76.7909
"MD",2012,"Northeast",6,0,6,6,0,"Maryland",39.055,-76.7909
"MD",2013,"Northeast",6,0,6,6,0,"Maryland",39.055,-76.7909
"MD",2014,"Northeast",6,0,6,6,0,"Maryland",39.055,-76.7909
"ME",2004,"Northeast",5,0,5,5,5,"Maine",45.3695,-69.2428
"ME",2005,"Northeast",5,0,5,5,5,"Maine",45.3695,-69.2428
"ME",2006,"Northeast",5,0,5,5,5,"Maine",45.3695,-69.2428
"ME",2007,"Northeast",5,0,5,5,5,"Maine",45.3695,-69.2428
"ME",2008,"Northeast",5,0,5,5,5,"Maine",45.3695,-69.2428
"ME",2009,"Northeast",5,0,5,5,5,"Maine",45.3695,-69.2428
"ME",2010,"Northeast",5,0,5,5,5,"Maine",45.3695,-69.2428
"ME",2011,"Northeast",5,0,5,5,5,"Maine",45.3695,-69.2428
"ME",2012,"Northeast",5,0,5,5,5,"Maine",45.3695,-69.2428
"ME",2013,"Northeast",5,0,5,5,5,"Maine",45.3695,-69.2428
"ME",2014,"Northeast",5.5,0,5.5,5.5,5.5,"Maine",45.3695,-69.2428
"MI",2004,"Midwest",6,0,0,0,0,"Michigan",44.3467,-85.4102
"MI",2005,"Midwest",6,0,0,0,0,"Michigan",44.3467,-85.4102
"MI",2006,"Midwest",6,0,0,0,0,"Michigan",44.3467,-85.4102
"MI",2007,"Midwest",6,0,0,0,0,"Michigan",44.3467,-85.4102
"MI",2008,"Midwest",6,0,0,0,0,"Michigan",44.3467,-85.4102
"MI",2009,"Midwest",6,0,0,0,0,"Michigan",44.3467,-85.4102
"MI",2010,"Midwest",6,0,0,0,0,"Michigan",44.3467,-85.4102
"MI",2011,"Midwest",6,0,0,0,0,"Michigan",44.3467,-85.4102
"MI",2012,"Midwest",6,0,0,0,0,"Michigan",44.3467,-85.4102
"MI",2013,"Midwest",6,0,0,0,0,"Michigan",44.3467,-85.4102
"MI",2014,"Midwest",6,0,0,0,0,"Michigan",44.3467,-85.4102
"MN",2004,"Midwest",6.5,0,6.5,6.5,6.5,"Minnesota",46.2807,-94.3053
"MN",2005,"Midwest",6.5,0,6.5,6.5,6.5,"Minnesota",46.2807,-94.3053
"MN",2006,"Midwest",6.5,0,6.5,6.5,6.5,"Minnesota",46.2807,-94.3053
"MN",2007,"Midwest",6.5,0,6.5,6.5,6.5,"Minnesota",46.2807,-94.3053
"MN",2008,"Midwest",6.5,0,6.5,6.5,6.5,"Minnesota",46.2807,-94.3053
"MN",2009,"Midwest",6.5,0,6.5,6.5,6.5,"Minnesota",46.2807,-94.3053
"MN",2010,"Midwest",6.875,0,6.875,6.875,6.875,"Minnesota",46.2807,-94.3053
"MN",2011,"Midwest",6.875,0,6.875,6.875,6.875,"Minnesota",46.2807,-94.3053
"MN",2012,"Midwest",6.875,0,6.875,6.875,6.875,"Minnesota",46.2807,-94.3053
"MN",2013,"Midwest",6.875,0,6.875,6.875,6.875,"Minnesota",46.2807,-94.3053
"MN",2014,"Midwest",6.875,0,6.875,6.875,6.875,"Minnesota",46.2807,-94.3053
"MO",2004,"Midwest",4.225,1.225,1.225,1.225,1.225,"Missouri",38.3566,-92.458
"MO",2005,"Midwest",4.225,1.225,1.225,1.225,1.225,"Missouri",38.3566,-92.458
"MO",2006,"Midwest",4.225,1.225,1.225,1.225,1.225,"Missouri",38.3566,-92.458
"MO",2007,"Midwest",4.225,1.225,1.225,1.225,1.225,"Missouri",38.3566,-92.458
"MO",2008,"Midwest",4.225,1.225,1.225,1.225,1.225,"Missouri",38.3566,-92.458
"MO",2009,"Midwest",4.225,1.225,1.225,1.225,1.225,"Missouri",38.3566,-92.458
"MO",2010,"Midwest",4.225,1.225,1.225,1.225,1.225,"Missouri",38.3566,-92.458
"MO",2011,"Midwest",4.225,1.225,1.225,1.225,1.225,"Missouri",38.3566,-92.458
"MO",2012,"Midwest",4.225,1.225,1.225,1.225,1.225,"Missouri",38.3566,-92.458
"MO",2013,"Midwest",4.225,1.225,1.225,1.225,1.225,"Missouri",38.3566,-92.458
"MO",2014,"Midwest",4.225,1.225,1.225,1.225,1.225,"Missouri",38.3566,-92.458
"MS",2004,"SouthEast",7,7,8,7,8,"Mississippi",32.7364,-89.6678
"MS",2005,"SouthEast",7,7,8,7,8,"Mississippi",32.7364,-89.6678
"MS",2006,"SouthEast",7,7,8,7,8,"Mississippi",32.7364,-89.6678
"MS",2007,"SouthEast",7,7,8,7,8,"Mississippi",32.7364,-89.6678
"MS",2008,"SouthEast",7,7,8,7,8,"Mississippi",32.7364,-89.6678
"MS",2009,"SouthEast",7,7,8,7,8,"Mississippi",32.7364,-89.6678
"MS",2010,"SouthEast",7,7,8,7,8,"Mississippi",32.7364,-89.6678
"MS",2011,"SouthEast",7,7,8,7,8,"Mississippi",32.7364,-89.6678
"MS",2012,"SouthEast",7,7,8,7,8,"Mississippi",32.7364,-89.6678
"MS",2013,"SouthEast",7,7,8,7,8,"Mississippi",32.7364,-89.6678
"MS",2014,"SouthEast",7,7,8,7,8,"Mississippi",32.7364,-89.6678
"MT",2004,"West",0,0,0,0,0,"Montana",47.0527,-109.6333
"MT",2005,"West",0,0,0,0,0,"Montana",47.0527,-109.6333
"MT",2006,"West",0,0,0,0,0,"Montana",47.0527,-109.6333
"MT",2007,"West",0,0,0,0,0,"Montana",47.0527,-109.6333
"MT",2008,"West",0,0,0,0,0,"Montana",47.0527,-109.6333
"MT",2009,"West",0,0,0,0,0,"Montana",47.0527,-109.6333
"MT",2010,"West",0,0,0,0,0,"Montana",47.0527,-109.6333
"MT",2011,"West",0,0,0,0,0,"Montana",47.0527,-109.6333
"MT",2012,"West",0,0,0,0,0,"Montana",47.0527,-109.6333
"MT",2013,"West",0,0,0,0,0,"Montana",47.0527,-109.6333
"MT",2014,"West",0,0,0,0,0,"Montana",47.0527,-109.6333
"NC",2004,"SouthEast",4.5,0,4.5,0,4,"North Carolina",35.5557,-79.3877
"NC",2005,"SouthEast",4.25,0,4.25,0,4,"North Carolina",35.5557,-79.3877
"NC",2006,"SouthEast",4.5,0,4.5,0,4,"North Carolina",35.5557,-79.3877
"NC",2007,"SouthEast",4.5,0,4.5,0,4.5,"North Carolina",35.5557,-79.3877
"NC",2008,"SouthEast",4.25,0,4.25,0,4.25,"North Carolina",35.5557,-79.3877
"NC",2009,"SouthEast",4.5,0,4.5,0,4.5,"North Carolina",35.5557,-79.3877
"NC",2010,"SouthEast",5.75,0,5.75,0,5.75,"North Carolina",35.5557,-79.3877
"NC",2011,"SouthEast",5.75,0,5.75,0,5.75,"North Carolina",35.5557,-79.3877
"NC",2012,"SouthEast",4.75,0,4.75,0,4.75,"North Carolina",35.5557,-79.3877
"NC",2013,"SouthEast",4.75,0,4.75,0,4.75,"North Carolina",35.5557,-79.3877
"NC",2014,"SouthEast",4.75,0,4.75,0,4.75,"North Carolina",35.5557,-79.3877
"ND",2004,"Midwest",5,0,5,5,0,"North Dakota",47.4501,-100.4659
"ND",2005,"Midwest",5,0,5,5,0,"North Dakota",47.4501,-100.4659
"ND",2006,"Midwest",5,0,5,5,0,"North Dakota",47.4501,-100.4659
"ND",2007,"Midwest",5,0,5,5,0,"North Dakota",47.4501,-100.4659
"ND",2008,"Midwest",5,0,5,5,0,"North Dakota",47.4501,-100.4659
"ND",2009,"Midwest",5,0,5,5,0,"North Dakota",47.4501,-100.4659
"ND",2010,"Midwest",5,0,5,5,0,"North Dakota",47.4501,-100.4659
"ND",2011,"Midwest",5,0,5,5,0,"North Dakota",47.4501,-100.4659
"ND",2012,"Midwest",5,0,5,5,0,"North Dakota",47.4501,-100.4659
"ND",2013,"Midwest",5,0,5,5,0,"North Dakota",47.4501,-100.4659
"ND",2014,"Midwest",5,0,5,5,0,"North Dakota",47.4501,-100.4659
"NE",2004,"Midwest",5.5,0,5.5,0,5.5,"Nebraska",41.5378,-99.7951
"NE",2005,"Midwest",5.5,0,5.5,0,5.5,"Nebraska",41.5378,-99.7951
"NE",2006,"Midwest",5.5,0,5.5,0,5.5,"Nebraska",41.5378,-99.7951
"NE",2007,"Midwest",5.5,0,5.5,0,5.5,"Nebraska",41.5378,-99.7951
"NE",2008,"Midwest",5.5,0,5.5,0,5.5,"Nebraska",41.5378,-99.7951
"NE",2009,"Midwest",5.5,0,5.5,0,5.5,"Nebraska",41.5378,-99.7951
"NE",2010,"Midwest",5.5,0,5.5,0,5.5,"Nebraska",41.5378,-99.7951
"NE",2011,"Midwest",5.5,0,5.5,0,5.5,"Nebraska",41.5378,-99.7951
"NE",2012,"Midwest",5.5,0,5.5,0,5.5,"Nebraska",41.5378,-99.7951
"NE",2013,"Midwest",5.5,0,5.5,0,5.5,"Nebraska",41.5378,-99.7951
"NE",2014,"Midwest",5.5,0,5.5,0,5.5,"Nebraska",41.5378,-99.7951
"NH",2004,"Northeast",0,0,0,0,0,"New Hampshire",43.6805,-71.5811
"NH",2005,"Northeast",0,0,0,0,0,"New Hampshire",43.6805,-71.5811
"NH",2006,"Northeast",0,0,0,0,0,"New Hampshire",43.6805,-71.5811
"NH",2007,"Northeast",0,0,0,0,0,"New Hampshire",43.6805,-71.5811
"NH",2008,"Northeast",0,0,0,0,0,"New Hampshire",43.6805,-71.5811
"NH",2009,"Northeast",0,0,0,0,0,"New Hampshire",43.6805,-71.5811
"NH",2010,"Northeast",0,0,0,0,0,"New Hampshire",43.6805,-71.5811
"NH",2011,"Northeast",0,0,0,0,0,"New Hampshire",43.6805,-71.5811
"NH",2012,"Northeast",0,0,0,0,0,"New Hampshire",43.6805,-71.5811
"NH",2013,"Northeast",0,0,0,0,0,"New Hampshire",43.6805,-71.5811
"NH",2014,"Northeast",0,0,0,0,0,"New Hampshire",43.6805,-71.5811
"NJ",2004,"Northeast",6,0,6,6,6,"New Jersey",40.1907,-74.6728
"NJ",2005,"Northeast",6,0,6,6,6,"New Jersey",40.1907,-74.6728
"NJ",2006,"Northeast",6,0,6,6,6,"New Jersey",40.1907,-74.6728
"NJ",2007,"Northeast",7,0,7,7,7,"New Jersey",40.1907,-74.6728
"NJ",2008,"Northeast",7,0,7,7,7,"New Jersey",40.1907,-74.6728
"NJ",2009,"Northeast",7,0,7,7,7,"New Jersey",40.1907,-74.6728
"NJ",2010,"Northeast",7,0,7,7,7,"New Jersey",40.1907,-74.6728
"NJ",2011,"Northeast",7,0,7,7,7,"New Jersey",40.1907,-74.6728
"NJ",2012,"Northeast",7,0,7,7,7,"New Jersey",40.1907,-74.6728
"NJ",2013,"Northeast",7,0,7,7,7,"New Jersey",40.1907,-74.6728
"NJ",2014,"Northeast",7,0,7,7,7,"New Jersey",40.1907,-74.6728
"NM",2004,"SouthWest",5,5,5,5,5,"New Mexico",34.4071,-106.1126
"NM",2005,"SouthWest",5,0,5,0,5,"New Mexico",34.4071,-106.1126
"NM",2006,"SouthWest",5,0,5,0,5,"New Mexico",34.4071,-106.1126
"NM",2007,"SouthWest",5,0,5,0,5,"New Mexico",34.4071,-106.1126
"NM",2008,"SouthWest",5,0,5,0,5,"New Mexico",34.4071,-106.1126
"NM",2009,"SouthWest",5,0,5,0,5,"New Mexico",34.4071,-106.1126
"NM",2010,"SouthWest",5,0,5,0,5,"New Mexico",34.4071,-106.1126
"NM",2011,"SouthWest",5.125,0,5.125,0,5.125,"New Mexico",34.4071,-106.1126
"NM",2012,"SouthWest",5.125,0,5.125,0,5.125,"New Mexico",34.4071,-106.1126
"NM",2013,"SouthWest",5.125,0,5.125,0,5.125,"New Mexico",34.4071,-106.1126
"NM",2014,"SouthWest",5.125,0,5.125,0,5.125,"New Mexico",34.4071,-106.1126
"NV",2004,"West",6.5,0,0,0,0,"Nevada",39.3289,-116.6312
"NV",2005,"West",6.5,0,0,0,0,"Nevada",39.3289,-116.6312
"NV",2006,"West",6.5,0,0,0,0,"Nevada",39.3289,-116.6312
"NV",2007,"West",6.5,0,0,0,0,"Nevada",39.3289,-116.6312
"NV",2008,"West",6.5,0,0,0,0,"Nevada",39.3289,-116.6312
"NV",2009,"West",6.5,0,0,0,0,"Nevada",39.3289,-116.6312
"NV",2010,"West",6.85,0,0,0,0,"Nevada",39.3289,-116.6312
"NV",2011,"West",6.85,0,0,0,0,"Nevada",39.3289,-116.6312
"NV",2012,"West",6.85,0,0,0,0,"Nevada",39.3289,-116.6312
"NV",2013,"West",6.85,0,0,0,0,"Nevada",39.3289,-116.6312
"NV",2014,"West",6.85,0,0,0,0,"Nevada",39.3289,-116.6312
"NY",2004,"Northeast",4.25,0,4.25,4.25,4.25,"New York",42.9538,-75.5268
"NY",2005,"Northeast",4.25,0,4.25,4.25,4.25,"New York",42.9538,-75.5268
"NY",2006,"Northeast",4,0,4,4,4,"New York",42.9538,-75.5268
"NY",2007,"Northeast",4,0,4,4,4,"New York",42.9538,-75.5268
"NY",2008,"Northeast",4,0,4,4,4,"New York",42.9538,-75.5268
"NY",2009,"Northeast",4,0,4,4,4,"New York",42.9538,-75.5268
"NY",2010,"Northeast",4,0,4,4,4,"New York",42.9538,-75.5268
"NY",2011,"Northeast",4,0,4,4,4,"New York",42.9538,-75.5268
"NY",2012,"Northeast",4,0,4,4,4,"New York",42.9538,-75.5268
"NY",2013,"Northeast",4,0,4,4,4,"New York",42.9538,-75.5268
"NY",2014,"Northeast",4,0,4,4,4,"New York",42.9538,-75.5268
"OH",2004,"Midwest",6,0,6,0,0,"Ohio",40.2862,-82.7937
"OH",2005,"Midwest",6,0,6,0,0,"Ohio",40.2862,-82.7937
"OH",2006,"Midwest",5.5,0,5.5,0,0,"Ohio",40.2862,-82.7937
"OH",2007,"Midwest",5.5,0,5.5,0,0,"Ohio",40.2862,-82.7937
"OH",2008,"Midwest",5.5,0,5.5,0,0,"Ohio",40.2862,-82.7937
"OH",2009,"Midwest",5.5,0,5.5,0,0,"Ohio",40.2862,-82.7937
"OH",2010,"Midwest",5.5,0,5.5,0,0,"Ohio",40.2862,-82.7937
"OH",2011,"Midwest",5.5,0,5.5,0,0,"Ohio",40.2862,-82.7937
"OH",2012,"Midwest",5.5,0,5.5,0,0,"Ohio",40.2862,-82.7937
"OH",2013,"Midwest",5.5,0,5.5,0,0,"Ohio",40.2862,-82.7937
"OH",2014,"Midwest",5.75,0,5.75,0,0,"Ohio",40.2862,-82.7937
"OK",2004,"SouthWest",4.5,4.5,4.5,4.5,4.5,"Oklahoma",35.5889,-97.4943
"OK",2005,"SouthWest",4.5,4.5,4.5,4.5,4.5,"Oklahoma",35.5889,-97.4943
"OK",2006,"SouthWest",4.5,4.5,4.5,4.5,4.5,"Oklahoma",35.5889,-97.4943
"OK",2007,"SouthWest",4.5,4.5,4.5,4.5,4.5,"Oklahoma",35.5889,-97.4943
"OK",2008,"SouthWest",4.5,4.5,4.5,4.5,4.5,"Oklahoma",35.5889,-97.4943
"OK",2009,"SouthWest",4.5,4.5,4.5,4.5,4.5,"Oklahoma",35.5889,-97.4943
"OK",2010,"SouthWest",4.5,4.5,4.5,4.5,4.5,"Oklahoma",35.5889,-97.4943
"OK",2011,"SouthWest",4.5,4.5,4.5,4.5,4.5,"Oklahoma",35.5889,-97.4943
"OK",2012,"SouthWest",4.5,4.5,4.5,4.5,4.5,"Oklahoma",35.5889,-97.4943
"OK",2013,"SouthWest",4.5,4.5,4.5,4.5,4.5,"Oklahoma",35.5889,-97.4943
"OK",2014,"SouthWest",4.5,4.5,4.5,4.5,4.5,"Oklahoma",35.5889,-97.4943
"OR",2004,"West",0,0,0,0,0,"Oregon",43.9336,-120.5583
"OR",2005,"West",0,0,0,0,0,"Oregon",43.9336,-120.5583
"OR",2006,"West",0,0,0,0,0,"Oregon",43.9336,-120.5583
"OR",2007,"West",0,0,0,0,0,"Oregon",43.9336,-120.5583
"OR",2008,"West",0,0,0,0,0,"Oregon",43.9336,-120.5583
"OR",2009,"West",0,0,0,0,0,"Oregon",43.9336,-120.5583
"OR",2010,"West",0,0,0,0,0,"Oregon",43.9336,-120.5583
"OR",2011,"West",0,0,0,0,0,"Oregon",43.9336,-120.5583
"OR",2012,"West",0,0,0,0,0,"Oregon",43.9336,-120.5583
"OR",2013,"West",0,0,0,0,0,"Oregon",43.9336,-120.5583
"OR",2014,"West",0,0,0,0,0,"Oregon",43.9336,-120.5583
"PA",2004,"Northeast",6,0,6,0,0,"Pennsylvania",40.8781,-77.7996
"PA",2005,"Northeast",6,0,6,0,0,"Pennsylvania",40.8781,-77.7996
"PA",2006,"Northeast",6,0,6,0,0,"Pennsylvania",40.8781,-77.7996
"PA",2007,"Northeast",6,0,6,0,0,"Pennsylvania",40.8781,-77.7996
"PA",2008,"Northeast",6,0,6,0,0,"Pennsylvania",40.8781,-77.7996
"PA",2009,"Northeast",6,0,6,0,0,"Pennsylvania",40.8781,-77.7996
"PA",2010,"Northeast",6,0,6,0,0,"Pennsylvania",40.8781,-77.7996
"PA",2011,"Northeast",6,0,6,0,0,"Pennsylvania",40.8781,-77.7996
"PA",2012,"Northeast",6,0,6,0,0,"Pennsylvania",40.8781,-77.7996
"PA",2013,"Northeast",6,0,6,0,0,"Pennsylvania",40.8781,-77.7996
"PA",2014,"Northeast",6,0,6,0,0,"Pennsylvania",40.8781,-77.7996
"RI",2004,"Northeast",7,0,7,7,0,"Rhode Island",41.6762,-71.5562
"RI",2005,"Northeast",7,0,7,7,0,"Rhode Island",41.6762,-71.5562
"RI",2006,"Northeast",7,0,7,7,0,"Rhode Island",41.6762,-71.5562
"RI",2007,"Northeast",7,0,7,7,0,"Rhode Island",41.6762,-71.5562
"RI",2008,"Northeast",7,0,7,7,0,"Rhode Island",41.6762,-71.5562
"RI",2009,"Northeast",7,0,7,7,0,"Rhode Island",41.6762,-71.5562
"RI",2010,"Northeast",7,0,7,7,0,"Rhode Island",41.6762,-71.5562
"RI",2011,"Northeast",7,0,7,7,0,"Rhode Island",41.6762,-71.5562
"RI",2012,"Northeast",7,0,7,7,0,"Rhode Island",41.6762,-71.5562
"RI",2013,"Northeast",7,0,7,7,0,"Rhode Island",41.6762,-71.5562
"RI",2014,"Northeast",7,0,7,7,0,"Rhode Island",41.6762,-71.5562
"SC",2004,"SouthEast",5,5,5,5,5,"South Carolina",33.9169,-80.8964
"SC",2005,"SouthEast",5,5,5,5,5,"South Carolina",33.9169,-80.8964
"SC",2006,"SouthEast",5,5,5,5,5,"South Carolina",33.9169,-80.8964
"SC",2007,"SouthEast",5,3,5,3,5,"South Carolina",33.9169,-80.8964
"SC",2008,"SouthEast",6,0,6,0,6,"South Carolina",33.9169,-80.8964
"SC",2009,"SouthEast",6,0,6,0,6,"South Carolina",33.9169,-80.8964
"SC",2010,"SouthEast",6,0,6,0,6,"South Carolina",33.9169,-80.8964
"SC",2011,"SouthEast",6,0,6,0,6,"South Carolina",33.9169,-80.8964
"SC",2012,"SouthEast",6,0,6,0,6,"South Carolina",33.9169,-80.8964
"SC",2013,"SouthEast",6,0,6,0,6,"South Carolina",33.9169,-80.8964
"SC",2014,"SouthEast",6,0,6,0,6,"South Carolina",33.9169,-80.8964
"SD",2004,"Midwest",4,4,4,4,4,"South Dakota",44.4443,-100.2263
"SD",2005,"Midwest",4,4,4,4,4,"South Dakota",44.4443,-100.2263
"SD",2006,"Midwest",4,4,4,4,4,"South Dakota",44.4443,-100.2263
"SD",2007,"Midwest",4,4,4,4,4,"South Dakota",44.4443,-100.2263
"SD",2008,"Midwest",4,4,4,4,4,"South Dakota",44.4443,-100.2263
"SD",2009,"Midwest",4,4,4,4,4,"South Dakota",44.4443,-100.2263
"SD",2010,"Midwest",4,4,4,4,4,"South Dakota",44.4443,-100.2263
"SD",2011,"Midwest",4,4,4,4,4,"South Dakota",44.4443,-100.2263
"SD",2012,"Midwest",4,4,4,4,4,"South Dakota",44.4443,-100.2263
"SD",2013,"Midwest",4,4,4,4,4,"South Dakota",44.4443,-100.2263
"SD",2014,"Midwest",4,4,4,4,4,"South Dakota",44.4443,-100.2263
"TN",2004,"SouthEast",7,6,6,6,6,"Tennessee",35.858,-86.3505
"TN",2005,"SouthEast",7,6,6,6,6,"Tennessee",35.858,-86.3505
"TN",2006,"SouthEast",7,6,6,6,6,"Tennessee",35.858,-86.3505
"TN",2007,"SouthEast",7,6,6,6,6,"Tennessee",35.858,-86.3505
"TN",2008,"SouthEast",7,5.5,5.5,5.5,5.5,"Tennessee",35.858,-86.3505
"TN",2009,"SouthEast",7,5.5,5.5,5.5,5.5,"Tennessee",35.858,-86.3505
"TN",2010,"SouthEast",7,5.5,5.5,5.5,5.5,"Tennessee",35.858,-86.3505
"TN",2011,"SouthEast",7,5.5,5.5,5.5,5.5,"Tennessee",35.858,-86.3505
"TN",2012,"SouthEast",7,5.5,5.5,5.5,5.5,"Tennessee",35.858,-86.3505
"TN",2013,"SouthEast",7,5.25,5.25,5.25,5.25,"Tennessee",35.858,-86.3505
"TN",2014,"SouthEast",7,5,5,5,5,"Tennessee",35.858,-86.3505
"TX",2004,"SouthWest",6.25,0,6.25,6.25,6.25,"Texas",31.4757,-99.3312
"TX",2005,"SouthWest",6.25,0,6.25,6.25,6.25,"Texas",31.4757,-99.3312
"TX",2006,"SouthWest",6.25,0,6.25,6.25,6.25,"Texas",31.4757,-99.3312
"TX",2007,"SouthWest",6.25,0,6.25,6.25,6.25,"Texas",31.4757,-99.3312
"TX",2008,"SouthWest",6.25,0,6.25,6.25,6.25,"Texas",31.4757,-99.3312
"TX",2009,"SouthWest",6.25,0,6.25,6.25,6.25,"Texas",31.4757,-99.3312
"TX",2010,"SouthWest",6.25,0,6.25,6.25,6.25,"Texas",31.4757,-99.3312
"TX",2011,"SouthWest",6.25,0,6.25,6.25,6.25,"Texas",31.4757,-99.3312
"TX",2012,"SouthWest",6.25,0,6.25,6.25,6.25,"Texas",31.4757,-99.3312
"TX",2013,"SouthWest",6.25,0,6.25,6.25,6.25,"Texas",31.4757,-99.3312
"TX",2014,"SouthWest",6.25,0,6.25,6.25,6.25,"Texas",31.4757,-99.3312
"UT",2004,"West",4.75,4.75,4.75,4.75,4.75,"Utah",39.3055,-111.6703
"UT",2005,"West",4.75,4.75,4.75,4.75,4.75,"Utah",39.3055,-111.6703
"UT",2006,"West",4.75,4.75,4.75,4.75,4.75,"Utah",39.3055,-111.6703
"UT",2007,"West",4.75,2.75,2.75,2.75,2.75,"Utah",39.3055,-111.6703
"UT",2008,"West",4.65,1.75,1.75,1.75,1.75,"Utah",39.3055,-111.6703
"UT",2009,"West",4.7,1.75,1.75,1.75,1.75,"Utah",39.3055,-111.6703
"UT",2010,"West",4.7,1.75,1.75,1.75,1.75,"Utah",39.3055,-111.6703
"UT",2011,"West",4.7,1.75,1.75,1.75,1.75,"Utah",39.3055,-111.6703
"UT",2012,"West",4.7,1.75,1.75,1.75,1.75,"Utah",39.3055,-111.6703
"UT",2013,"West",4.7,1.75,1.75,1.75,1.75,"Utah",39.3055,-111.6703
"UT",2014,"West",4.7,1.75,1.75,1.75,1.75,"Utah",39.3055,-111.6703
"VA",2004,"SouthEast",3.5,1,3.5,1,3.5,"Virginia",37.5215,-78.8537
"VA",2005,"SouthEast",4,1.5,4,1.5,4,"Virginia",37.5215,-78.8537
"VA",2006,"SouthEast",4,1.5,4,1.5,4,"Virginia",37.5215,-78.8537
"VA",2007,"SouthEast",4,1.5,4,1.5,4,"Virginia",37.5215,-78.8537
"VA",2008,"SouthEast",4,1.5,4,1.5,4,"Virginia",37.5215,-78.8537
"VA",2009,"SouthEast",4,1.5,4,1.5,4,"Virginia",37.5215,-78.8537
"VA",2010,"SouthEast",4,1.5,4,1.5,4,"Virginia",37.5215,-78.8537
"VA",2011,"SouthEast",4,1.5,4,1.5,4,"Virginia",37.5215,-78.8537
"VA",2012,"SouthEast",4,1.5,4,1.5,4,"Virginia",37.5215,-78.8537
"VA",2013,"SouthEast",4,1.5,4,1.5,4,"Virginia",37.5215,-78.8537
"VA",2014,"SouthEast",4.3,1.5,5.3,1.5,5.3,"Virginia",37.5215,-78.8537
"VT",2004,"Northeast",6,0,0,0,0,"Vermont",44.0687,-72.6658
"VT",2005,"Northeast",6,0,0,0,0,"Vermont",44.0687,-72.6658
"VT",2006,"Northeast",6,0,0,0,0,"Vermont",44.0687,-72.6658
"VT",2007,"Northeast",6,0,0,0,0,"Vermont",44.0687,-72.6658
"VT",2008,"Northeast",6,0,0,0,0,"Vermont",44.0687,-72.6658
"VT",2009,"Northeast",6,0,0,0,0,"Vermont",44.0687,-72.6658
"VT",2010,"Northeast",6,0,0,0,0,"Vermont",44.0687,-72.6658
"VT",2011,"Northeast",6,0,0,0,0,"Vermont",44.0687,-72.6658
"VT",2012,"Northeast",6,0,0,0,0,"Vermont",44.0687,-72.6658
"VT",2013,"Northeast",6,0,0,0,0,"Vermont",44.0687,-72.6658
"VT",2014,"Northeast",6,0,0,0,0,"Vermont",44.0687,-72.6658
"WA",2004,"West",6.5,0,6.5,0,6.5,"Washington",47.3826,-120.4472
"WA",2005,"West",6.5,0,6.5,0,6.5,"Washington",47.3826,-120.4472
"WA",2006,"West",6.5,0,6.5,0,6.5,"Washington",47.3826,-120.4472
"WA",2007,"West",6.5,0,6.5,0,6.5,"Washington",47.3826,-120.4472
"WA",2008,"West",6.5,0,6.5,0,6.5,"Washington",47.3826,-120.4472
"WA",2009,"West",6.5,0,6.5,0,6.5,"Washington",47.3826,-120.4472
"WA",2010,"West",6.5,0,6.5,0,6.5,"Washington",47.3826,-120.4472
"WA",2011,"West",6.5,0,6.5,0,6.5,"Washington",47.3826,-120.4472
"WA",2012,"West",6.5,0,6.5,0,6.5,"Washington",47.3826,-120.4472
"WA",2013,"West",6.5,0,6.5,0,6.5,"Washington",47.3826,-120.4472
"WA",2014,"West",6.5,0,6.5,0,6.5,"Washington",47.3826,-120.4472
"WI",2004,"Midwest",5,0,5,5,0,"Wisconsin",44.6243,-89.9941
"WI",2005,"Midwest",5,0,5,5,0,"Wisconsin",44.6243,-89.9941
"WI",2006,"Midwest",5,0,5,5,0,"Wisconsin",44.6243,-89.9941
"WI",2007,"Midwest",5,0,5,5,0,"Wisconsin",44.6243,-89.9941
"WI",2008,"Midwest",5,0,5,5,0,"Wisconsin",44.6243,-89.9941
"WI",2009,"Midwest",5,0,5,5,0,"Wisconsin",44.6243,-89.9941
"WI",2010,"Midwest",5,0,5,5,0,"Wisconsin",44.6243,-89.9941
"WI",2011,"Midwest",5,0,5,5,0,"Wisconsin",44.6243,-89.9941
"WI",2012,"Midwest",5,0,5,5,0,"Wisconsin",44.6243,-89.9941
"WI",2013,"Midwest",5,0,5,5,0,"Wisconsin",44.6243,-89.9941
"WI",2014,"Midwest",5,0,5,5,0,"Wisconsin",44.6243,-89.9941
"WV",2004,"SouthEast",6,6,0,6,6,"West Virginia",38.6409,-80.6227
"WV",2005,"SouthEast",6,6,0,6,6,"West Virginia",38.6409,-80.6227
"WV",2006,"SouthEast",6,5,5,5,5,"West Virginia",38.6409,-80.6227
"WV",2007,"SouthEast",6,5,5,5,5,"West Virginia",38.6409,-80.6227
"WV",2008,"SouthEast",6,4,6,4,6,"West Virginia",38.6409,-80.6227
"WV",2009,"SouthEast",6,3,6,3,6,"West Virginia",38.6409,-80.6227
"WV",2010,"SouthEast",6,3,6,3,6,"West Virginia",38.6409,-80.6227
"WV",2011,"SouthEast",6,3,6,3,6,"West Virginia",38.6409,-80.6227
"WV",2012,"SouthEast",6,2,6,2,6,"West Virginia",38.6409,-80.6227
"WV",2013,"SouthEast",6,1,6,1,6,"West Virginia",38.6409,-80.6227
"WV",2014,"SouthEast",6,0,6,0,6,"West Virginia",38.6409,-80.6227
"WY",2004,"West",4,4,4,4,4,"Wyoming",42.9957,-107.5512
"WY",2005,"West",4,4,4,4,4,"Wyoming",42.9957,-107.5512
"WY",2006,"West",4,4,4,4,4,"Wyoming",42.9957,-107.5512
"WY",2007,"West",4,0,4,0,4,"Wyoming",42.9957,-107.5512
"WY",2008,"West",4,0,4,0,4,"Wyoming",42.9957,-107.5512
"WY",2009,"West",4,0,4,0,4,"Wyoming",42.9957,-107.5512
"WY",2010,"West",4,0,4,0,4,"Wyoming",42.9957,-107.5512
"WY",2011,"West",4,0,4,0,4,"Wyoming",42.9957,-107.5512
"WY",2012,"West",4,0,4,0,4,"Wyoming",42.9957,-107.5512
"WY",2013,"West",4,0,4,0,4,"Wyoming",42.9957,-107.5512
"WY",2014,"West",4,0,4,0,4,"Wyoming",42.9957,-107.5512
